radioactive,network,bruno,threatening,imminent
internationally,bomb,airports,dhs,radiation
bomb,antarctica,psychobrotherhood,ciminally,mice
sen,antarctica,arizona,jamila,unsuccessful
antarctica,interviewing,bodies,games,security
seoul,vastpress,bloody,pro,students
vastopolis,acog,ioc,ibm,increase
bomb,killing,telephone,minister,brooks
smogtown,terrorist,saudi,gulf,threatened
treat,frozen,wires,killed,possible
bosnian,expand,pakistan,direct,missile
smogtown,korea,kawasaki,center,officials
